{"Domesnees": [57.75895, 22.60487], "Pest": [47.5, 19.08333], "Main": [49.7938, 9.62448], "Italien": [42.83333, 12.83333], "T\u00fcrkische Grenze": [0.0, 0.0], "Alexandrien": [31.20176, 29.91582], "Schweiz": [47.00016, 8.01427], "Italienische Grenze": [0.0, 0.0], "Niederelbe": [53.78893, 9.42576], "Donau": [44.217771, 22.672659], "Serbische Grenze": [0.0, 0.0], "Spanische Grenze": [0.0, 0.0], "Pera": [41.03694, 28.9775], "Rhein": [50.075467, 7.773223], "Sachsen": [51.118812, 12.937999], "Kurland": [56.816781, 22.768799], "Elberfeld": [51.25083, 7.14816], "Sanssouci": [52.39886, 13.06566], "Tuckum": [56.96764, 23.15554], "Niederlanden": [52.25, 5.75], "Helvoet": [51.83333, 4.13333], "Cettinje": [42.39063, 18.91417], "Leith": [55.9713, -3.1723], "Livland": [57.627445, 26.132553], "Ofen": [47.5, 19.03333], "Oesterreich": [47.33333, 13.33333], "Gravenhaag": [52.07667, 4.29861], "Kissingen": [50.20228, 10.07784], "Zarskoje-Sselo": [59.71417, 30.39642], "Brandenburgischen": [52.45905, 13.01582], "Texel": [53.08333, 4.83333], "Tirnowo": [43.08124, 25.62904], "Ssaratow": [51.54056, 46.00861], "Polnische Grenze": [0.0, 0.0], "Etrl": [0.0, 0.0], "Vlie": [53.309587, 5.198747], "Preu\u00dfen": [52.182289, 14.95914], "Caprera": [41.2, 9.46667], "Cattaro": [42.42067, 18.76825], "S\u00fcnderland": [54.90465, -1.38222], "Frankreich": [46.0, 2.0], "M\u00f6ttau": [50.45357, 8.40042], "Niederrhein": [51.490733, 6.692922], "Nieder-Elbe": [53.78893, 9.42576], "Oger": [56.8162, 24.61401]}